商品ID,商品品种,商品类型,商品名称,商品简码,品牌,品级,生产年度,包装规格,加工单位代码,加工单位,产地,详细地址,产地大区,检验证书编号,证书照片,包装图片,无三丝,颜色级,轧工质量,纤维长度(mm),马克隆值,断裂比强度(cN/tex),长度整齐度(%),糖种类型,执行标准,极化度 Pol(%),颜色 ICUMSA,水分(%),灰分(%),粒度(目),硫残留(mg/kg),品类,果径(mm),果长(mm),糖度 Brix(%),含水率(%),霉变率(%),破损率(%),每公斤颗粒数
,,棉花,2024新疆兵团一级棉,,XX品牌,A,2024,200kg/包,PRC001,XX加工厂,新疆,乌鲁木齐高新区88号,新疆,CERT-001,, ,true,11,P1,29,4.1,28.3,83.5,,,,,,,,,,,
,,棉花,2024黄河流域二级棉,,XX品牌,B,2023,200kg/包,PRC002,YY加工厂,山东,德州经济区99号,黄河流域,CERT-002,, ,true,21,P2,28,4.6,27.8,81.2,,,,,,,,,,,
,,白糖,2024产甘蔗白砂糖99.8%,,XX糖业,A,2024,50kg/袋,PRC101,XX糖厂,广西,南宁市青秀区88号,SUG202409A01,20.000,广西南宁,华南,, , , , , , ,白砂糖,GB/T 317,99.80,150,0.07,0.03,60,5,,,,,,,,
,,红枣,若羌枣一级,,XX果业,A,2024,25kg/袋,PRC201,XX果业加工,新疆,库尔勒市88号,DATE20240901,5.000,新疆库尔勒,新疆,,,,,,,,,,,,,,,灰枣,22,32,72.0,18.0,0.5,2.5,260
